site_code,live_code,brand,franchise,city,state,pms,name,brand_page
,,BAYMONT,WYNDHAM,FORT SMITH,AR,SYNXIS,"BAYMONT BY WYNDHAM FT SMITH, AR",https://www.wyndhamhotels.com/baymont/fort-smith-arkansas/baymont-inn-and-suites-fort-smith/overview
04117,,BEST WESTERN,BEST WESTERN,FORT SMITH,AR,,Best Western Aspen Hotel,https://www.bestwestern.com/en_US/book/hotels-in-fort-smith/best-western-aspen-hotel/propertyCode.04117.html#
AR610,,QUALITY,CHOICE,FT SMITH,AR,CHOICEADV,"QUALITY INN FT SMITH, AR",https://www.choicehotels.com/arkansas/fort-smith/quality-inn-hotels/ar610
FYVSSHX,,HAMPTON,HILTON,SILOAM SPRINGS,AR,PEP,"HAMPTON INN SILOAM SPRINGS, AR",https://www.hilton.com/en/hotels/fyvsshx-hampton-siloam-springs/
CT158,,COMFORT INN,CHOICE,GRISWOLD,CT,CHOICEADV,"COMFORT INN GRISWOLD, CT",https://www.choicehotels.com/connecticut/griswold/comfort-inn-hotels/ct158
FL572,,QUALITY,CHOICE,BRADENTON,FL,CHOICEADV,"QUALITY INN BRADENTON, FL",https://www.choicehotels.com/florida/bradenton/quality-inn-hotels/fl572
,,BRANDON MOTOR LODGE,INDEPENDENT,BRANDON,FL,,Brandon Motor Lodge,
JAXQT,,CANDLEWOOD,IHG,JACKSONVILLE,FL,HOTELKEY,"CANDLEWOOD SUITES (EAST MERRIL ROAD) JACKSONVILLE, FL",https://www.ihg.com/candlewood/hotels/us/en/jacksonville/jaxqt/hoteldetail
JAXAU,,HOLIDAY INN EXPRESS,IHG,JACKSONVILLE,FL,HOTELKEY,"HOLIDAY INN EXPRESS & SUITES (SOUTH BARTRAM PARK) JACKSONVILLE, FL",https://www.ihg.com/holidayinnexpress/hotels/us/en/jacksonville/jaxau/hoteldetail
JAXSE,,TOWNEPLACE,MARRIOTT,JACKSONVILLE,FL,AGILYSYS,"TOWNEPLACE SUITES JACKSONVILLE, FL",https://www.marriott.com/hotels/travel/jaxse-towneplace-suites-jacksonville-east/?gclid=Cj0KCQiA9OiPBhCOARIsAI0y71C22RH933XSJVTtW8MFaV9x0mW5YxA4yNemqC3N3CIS6yRXfCWPAbQaAjZjEALw_wcB&gclsrc=aw.ds
MCOKK,,SPRINGHILL SUITES,MARRIOTT,KISSIMMEE/DISNEY,FL,AGILYSYS,Springhill Suites by Marriott Orlando Kissimmee,https://www.marriott.com/en-us/hotels/mcokk-springhill-suites-orlando-lake-buena-vista-south/overview/
DABPC,,FAIRFIELD,MARRIOTT,PALM COAST,FL,AGILYSYS,"FAIRFIELD INN & SUITES PALM COAST, FL",https://www.marriott.com/hotels/travel/dabpc-fairfield-inn-and-suites-palm-coast-i-95/
FL303,,COMFORT INN,CHOICE,SUN CITY CENTER,FL,CHOICEADV,"COMFORT INN SUN CITY CENTER, FL",https://www.choicehotels.com/florida/sun-city-center/comfort-inn-hotels/fl303
FL014,,COMFORT SUITES,CHOICE,TAMPA,FL,CHOICEADV,"COMFORT SUITES (BRANDON) TAMPA, FL",https://www.choicehotels.com/florida/tampa/comfort-suites-hotels/fl014
ATLPGHH,,HILTON,HILTON,PEACHTREE CITY ATLANTA,GA,PEP,Hilton Peachtree City Atlanta Hotel & Conference Center,https://www.hilton.com/en/hotels/atlpghh-hilton-peachtree-city-atlanta-hotel-and-conference-center/
14190,,BEST WESTERN PLUS,BEST WESTERN,ALTON,IL,,Best Western Plus Parkway Hotel,https://www.bestwestern.com/en_US/book/hotels-in-alton/best-western-plus-parkway-hotel/propertyCode.14190.html
,,SUPER 8,WYNDHAM,ALTON,IL,SYNXIS,"SUPER 8 BY WYNDHAM ALTON, IL",https://www.wyndhamhotels.com/super-8/alton-illinois/super-8-alton/overview?iata=00093763&cid=PS:xcuw2s7fmycvlp8&gclid=Cj0KCQiA0eOPBhCGARIsAFIwTs5uTCVuojcImMMpUXwxT93EQs9YlggEJFqSAZFbmnbhVOl0aY2_MAsaAtt4EALw_wcB&gclsrc=aw.ds
,,BAYMONT,WYNDHAM,BLOOMINGTON,IL,SYNXIS,"BAYMONT BY WYNDHAM NORMAL BLOOMINGTON, IL",https://www.wyndhamhotels.com/baymont/normal-illinois/baymont-inn-and-suites-normal-bloomington/overview
,,SUPER 8,WYNDHAM,EFFINGHAM,IL,SYNXIS,"SUPER 8 BY WYNDHAM EFFINGHAM, IL",https://www.wyndhamhotels.com/super-8/effingham-illinois/super-8-effingham/overview?iata=00093763&cid=PS:2e4a3k200odb7l5&gclid=Cj0KCQiA0eOPBhCGARIsAFIwTs7YNeppaMI8hoXHzA1yZ2U1657A7ZAchEIfTEWKOB_JxITU3HChjrYaAv23EALw_wcB&gclsrc=aw.ds
IL244,,COMFORT SUITES,CHOICE,FAIRVIEW HEIGHTS,IL,CHOICEADV,"COMFORT SUITES FAIRVIEW HEIGHTS, IL",https://www.choicehotels.com/illinois/fairview-heights/comfort-suites-hotels/il244
,,LA QUINTA,WYNDHAM,O'FALLON,IL,SYNXIS,LAQUINTA INN & SUITES BY WYNDHAM O'FALLON IL - ST. LOUIS,https://www.wyndhamhotels.com/laquinta/o-fallon-illinois/la-quinta-inn-suites-o-fallon-il-st-louis/overview?iata=00093763&cid=PS:y5iw4giiqzpjt4t&gclid=CjwKCAiA3L6PBhBvEiwAINlJ9D1I6wKW_CONx6pWCDlg4Uv-PCrHWi28B12M9ga-7t5MFCMcCp9nrBoCQHIQAvD_BwE&gclsrc=aw.ds
,,SUPER 8,WYNDHAM,SALEM,IL,SYNXIS,"SUPER 8 BY WYNDHAM SALEM, IL",https://www.wyndhamhotels.com/super-8/salem-illinois/super-8-salem-il/overview?iata=00093763&cid=PS:bihzavk088hf4a0&gclid=Cj0KCQiA0eOPBhCGARIsAFIwTs5xWBvZj64VRbA2f2mMnv6kIzmH3Ulrq2Jet91VRwxMRrWAOlRZpv8aAlO2EALw_wcB&gclsrc=aw.ds
,,SUPER 8,WYNDHAM,ST LOUIS,IL,SYNXIS,"SUPER 8 BY WYNDHAM FAIRVIEW HEIGHTS - ST. LOUIS, IL",https://www.wyndhamhotels.com/super-8/fairview-heights-illinois/super-8-fairview-heights-st-louis/overview?iata=00093763&cid=PS:lhr1g85en5mn0yt&gclid=Cj0KCQiA0eOPBhCGARIsAFIwTs5H2XCSGho7ytW59MJ_zXAxXSLjF_RQyWIb1BRt-Rdvxl_SbaGH8LcaApBqEALw_wcB&gclsrc=aw.ds
IN441,,QUALITY,CHOICE,BROWNSBURG,IN,CHOICEADV,"QUALITY INN & SUITES BROWNSBURG, IN",https://www.choicehotels.com/indiana/brownsburg/quality-inn-hotels/in441
,,SUPER 8,WYNDHAM,BY WYNDHAM ROCHESTER,IN,SYNXIS,"SUPER 8 BY WYNDHAM ROCHESTER, IN",https://www.wyndhamhotels.com/super-8/lees-summit-missouri/super-8-lees-summit/overview?iata=00093763&cid=PS:dx29d3m6mpd1q08&gclid=Cj0KCQiA0eOPBhCGARIsAFIwTs7_oJxp3kF77kmqHk0W_lnZKegBifYXIBZIpyB_1wxdj_uQ19OoiksaAuXrEALw_wcB&gclsrc=aw.ds
INDCNHX,,HAMPTON,HILTON,DOWNTOWN INDIANAPOLIS,IN,PEP,Hampton Inn Indianapolis Canal IUPUI,https://www.hilton.com/en/hotels/indcnhx-hampton-indianapolis-canal-iupui/
INDIAHW,,HOMEWOOD,HILTON,DOWNTOWN INDIANAPOLIS,IN,PEP,Homewood Suites by Hilton Indianapolis-Downtown,https://www.hilton.com/en/hotels/indiahw-homewood-suites-indianapolis-canal-iupui/
,,AMERICINN,WYNDHAM,INDIANAPOLIS,IN,SYNXIS,"AMERICINN BY WYNDHAM FISHERS INDIANAPOLIS, IN",https://www.wyndhamhotels.com/americinn/fishers-indiana/americinn-hotel-and-suites-fishers-indianapolis/overview
IN372,,COMFORT INN,CHOICE,INDIANAPOLIS,IN,CHOICEADV,"COMFORT INN INDIANAPOLIS, IN",https://www.choicehotels.com/indiana/indianapolis/comfort-inn-hotels/in372
INDWE,,HOLIDAY INN,IHG,INDIANAPOLIS,IN,HOTELKEY,"HOLIDAY INN DOWNTOWN INDIANAPOLIS, IN",https://www.ihg.com/holidayinn/hotels/us/en/indianapolis/indwe/hoteldetail
55068,,SURESTAY PLUS,BEST WESTERN,INDIANAPOLIS,IN,,SureStay Plus Hotel by Best Western Indianapolis Northeast,https://www.bestwestern.com/en_US/book/indianapolis/hotel-rooms/surestay-plus-hotel-by-best-western-indianapolis-northeast/propertyCode.55068.html
INDNBES,,EMBASSY SUITES,HILTON,NOBLESVILLE,IN,PEP,Embassy Suites by Hilton Noblesville Indianapolis Conference Center,https://www.hilton.com/en/hotels/indnbes-embassy-suites-noblesville-indianapolis-conference-center/
INDPLES,,EMBASSY SUITES,HILTON,PLAINFIELD,IN,PEP,Embassy Suites by Hilton Plainfield Indianapolis Airport,https://www.hilton.com/en/hotels/indples-embassy-suites-plainfield-indianapolis-airport/
IN063,,QUALITY,CHOICE,ROCHESTER,IN,CHOICEADV,"QUALITY INN ROCHESTER, IN",https://www.choicehotels.com/indiana/rochester/quality-inn-hotels/in063
KS209,,COMFORT INN,CHOICE,EMPORIA,KS,CHOICEADV,"COMFORT INN & SUITES EMPORIA, KS",https://www.choicehotels.com/kansas/emporia/quality-inn-hotels/ks209
,,LA QUINTA,WYNDHAM,EMPORIA,KS,SYNXIS,"LAQUINTA INN & SUITES BY WYNDHAM EMPORIA, KS",https://www.wyndhamhotels.com/laquinta/emporia-kansas/la-quinta-emporia/overview
,,DAYS INN,WYNDHAM,HUTCHINSON,KS,SYNXIS,"DAYS INN BY WYNDHAM HUTCHISON, KS",https://www.wyndhamhotels.com/days-inn/hutchinson-kansas/days-inn-and-suites-hutchinson/overview
,,DAYS INN,WYNDHAM,KANSAS CITY,KS,SYNXIS,"DAYS INN BY WYNDHAM KANSAS CITY, KS",https://www.wyndhamhotels.com/days-inn/kansas-city-kansas/days-inn-near-kansas-speedway/overview?iata=00093763&cid=PS:geq7qs0dz316wyl&gclid=CjwKCAiA0KmPBhBqEiwAJqKK4y88t0hrqU8z0KZQuRU4-7gEiKOskRsZmg-mSP8suGwP6lajt4LEhxoCfQEQAvD_BwE&gclsrc=aw.ds
,,DAYS INN,WYNDHAM,KANSAS CITY,KS,SYNXIS,Days Inn by Wyndham near Kansas Speedway,https://www.wyndhamhotels.com/days-inn/kansas-city-kansas/days-inn-near-kansas-speedway/overview?iata=99922675
KS303,,QUALITY,CHOICE,OVERLAND PARK,KS,CHOICEADV,"QUALITY INN OVERLAND PARK, KS",https://www.choicehotels.com/kansas/overland-park/quality-inn-hotels/ks303
8692,,MOTEL 6,G6,SALINA,KS,,MOTEL 6 - SALINA KS,https://www.motel6.com/en/home/motels.8692.html
KS401,,QUALITY,CHOICE,SOUTH WICHITA,KS,CHOICEADV,"QUALITY INN SOUTH WICHITA, KS",https://www.choicehotels.com/kansas/wichita/quality-inn-hotels/ks401
KS118,,COMFORT SUITES,CHOICE,WICHITA,KS,CHOICEADV,"COMFORT SUITES WICHITA, KS",https://www.choicehotels.com/kansas/wichita/comfort-suites-hotels/ks118
,,DAYS INN,WYNDHAM,WICHITA,KS,SYNXIS,"DAYS INN BY WYNDHAM WICHITA, KS",https://www.wyndhamhotels.com/days-inn/wichita-kansas/days-inn-and-suites-wichita/overview?iata=00580881
,,SUPER 8,WYNDHAM,WICHITA,KS,SYNXIS,"SUPER 8 BY WYNDHAM WICHITA SOUTH, KS",https://www.wyndhamhotels.com/super-8/wichita-kansas/super-8-wichita-south/overview?iata=00093763&cid=PS:e93nfkti5b7n6zd&gclid=Cj0KCQiA9OiPBhCOARIsAI0y71B4CaZ8h1XXZS7alcRyD2yR1ZxCuNsX0Htjm4YSCVGq5ch1JPjKAxIaAtTWEALw_wcB&gclsrc=aw.ds
BOSBG,,HOLIDAY INN EXPRESS,IHG,BOSTON,MA,HOTELKEY,Holiday Inn Express Brockton - Boston,https://www.ihg.com/holidayinnexpress/hotels/us/en/brockton/bosbg/hoteldetail
,,MOTEL 6,G6,BROCKTON,MA,,Super 8 by Wyndham Brockton,https://www.wyndhamhotels.com/super-8/brockton-massachusetts/super-8-brockton/overview?iata=99922675
,,AMERICINN,WYNDHAM,WORTHINGTON,MN,SYNXIS,"AMERICINN BY WYNDHAM WORTHINGTON, MN",https://www.wyndhamhotels.com/americinn/worthington-minnesota/americinn-lodge-and-suites-worthington/overview
8758,,MOTEL 6,G6,BLUE SPRINGS,MO,,MOTEL 6 - BLUE SPRINGS MO,https://www.motel6.com/en/home/motels.8758.html
,,LA QUINTA,WYNDHAM,HAZELWOOD,MO,SYNXIS,"LAQUINTA INN & SUITES BY WYNDHAM ST. LOUIS HAZELWOOD, MO",https://www.wyndhamhotels.com/laquinta/hazelwood-missouri/la-quinta-inn-st-louis-hazelwood-airport-north/overview?iata=00093763&cid=PS:ano5ox9kmo6lqpk&gclid=CjwKCAiA3L6PBhBvEiwAINlJ9Hexck6cTivnpzYQZhx8NxEffu0VfjstiqIeotAZ0lXc5nRmxnBQbxoCjdoQAvD_BwE&gclsrc=aw.ds
4483,,MOTEL 6,G6,KANSAS CITY AIRPORT,MO,,MOTEL 6 - KANSAS CITY AIRPORT MO,https://www.motel6.com/en/home/motels.mo.kansas-city.4483.html
MO188,,COMFORT INN,CHOICE,LEES SUMMIT,MO,CHOICEADV,"COMFORT INN & SUITES LEES SUMMIT, MO",https://www.choicehotels.com/missouri/lees-summit/comfort-inn-hotels/mo188
MO321,,COMFORT INN,CHOICE,LEES SUMMIT,MO,CHOICEADV,"COMFORT INN LEES SUMMIT, MO",https://www.choicehotels.com/missouri/lees-summit/comfort-inn-hotels/mo321
MO131,,COMFORT SUITES,CHOICE,SAINT CHARLES,MO,CHOICEADV,"COMFORT SUITES SAINT CHARLES, MO",https://www.choicehotels.com/missouri/saint-charles/comfort-suites-hotels/mo131
,,SUPER 8,WYNDHAM,SUMMIT,MO,SYNXIS,"SUPER 8 BY WYNDHAM LEES SUMMIT, MO",https://www.wyndhamhotels.com/super-8/lees-summit-missouri/super-8-lees-summit/overview?iata=00093763&cid=PS:dx29d3m6mpd1q08&gclid=Cj0KCQiA0eOPBhCGARIsAFIwTs7_oJxp3kF77kmqHk0W_lnZKegBifYXIBZIpyB_1wxdj_uQ19OoiksaAuXrEALw_wcB&gclsrc=aw.ds
,,AMERICINN,WYNDHAM,KEARNEY,NE,SYNXIS,"AMERICINN BY WYNDHAM KEARNEY, NE",https://www.wyndhamhotels.com/americinn/kearney-nebraska/americinn-lodge-and-suites-kearney/overview
,,AMERICINN,WYNDHAM,OMAHA,NE,SYNXIS,"AMERICINN BY WYNDHAM OMAHA, NE",https://www.wyndhamhotels.com/americinn/omaha-nebraska/americinn-hotel-and-suites-omaha/overview
NE090,,COMFORT INN,CHOICE,OMAHA,NE,CHOICEADV,"COMFORT INN & SUITES OMAHA, NE",https://www.choicehotels.com/nebraska/omaha/comfort-inn-hotels/ne090
EWRELES,,EMBASSY SUITES,HILTON,NEWARK AIRPORT,NJ,PEP,Embassy Suites by Hilton Newark Airport,https://www.hilton.com/en/hotels/ewreles-embassy-suites-newark-airport/
EWRAS,,ALOFT,MARRIOTT,SEACAUCUS,NJ,AGILYSYS,Aloft Secaucus Meadowlands,https://www.marriott.com/en-us/hotels/ewras-aloft-secaucus-meadowlands/overview/
,,CAMBRIA,CHOICE,WEST ORANGE,NJ,CHOICEADV,Aloft Secaucus Meadowlands,https://www.cambriawestorange.com/
NY529,,COMFORT INN,CHOICE,BRONX,NY,CHOICEADV,"Comfort Inn & Suites, BRONX NY",https://www.choicehotels.com/new-york/bronx/comfort-inn-hotels/ny529
,,Pelham Garden Motel,INDEPENDENT,BRONX,NY,,"Pelham Garden Motel, BRONX NY",
,,EAST NORWICH INN,INDEPENDENT,EAST NORWICH,NY,,EAST NORWICH INN,
,,DAYS INN,WYNDHAM,LONG ISLAND,NY,SYNXIS,Days Inn by Wyndham Woodbury Long Island,https://www.wyndhamhotels.com/days-inn/woodbury-new-york/days-inn-woodbury/overview?iata=99922675
ISPCP,,HOLIDAY INN,IHG,LONG ISLAND,NY,HOTELKEY,"HOLIDAY INN (HOLTSVILLE) LONG ISLAND, NY",https://www.ihg.com/holidayinn/hotels/us/en/holtsville/ispcp/hoteldetail
,,Metro Hotel - JFK Airport,INDEPENDENT,QUEENS,NY,,"Metro Hotel - JFK Airport, QUEENS NY",
DAYTS,,TOWNEPLACE,MARRIOTT,DAYTON,OH,AGILYSYS,"TOWNEPLACE SUITES DAYTON, OH",https://www.marriott.com/hotels/travel/dayts-towneplace-suites-dayton-north/
,,LA QUINTA,WYNDHAM,MASON,OH,SYNXIS,"LAQUINTA INN & SUITES BY WYNDHAM CINCINNATI NE - MASON, OH",https://www.wyndhamhotels.com/laquinta/mason-ohio/la-quinta-cincinnati-ne-mason/overview
37142,,GLō,BEST WESTERN,CATOOSA,OK,,GLō Best Western Tulsa-Catoosa East Route 66,https://www.bestwestern.com/en_US/book/hotels-in-catoosa/gl%C5%8D-best-western-tulsa-catoosa-east-route-66/propertyCode.37142.html
8648,,MOTEL 6,G6,CATOOSA,OK,,MOTEL 6 - CATOOSA OK,https://www.motel6.com/en/home/motels.8648.html
37143,,BEST WESTERN PLUS,BEST WESTERN,CHOCTAW,OK,,Best Western Plus Choctaw Inn & Suites,https://www.bestwestern.com/en_US/book/hotels-in-choctaw/best-western-plus-choctaw-inn-suites/propertyCode.37143.html
OK211,,QUALITY,CHOICE,DUNCAN,OK,CHOICEADV,"QUALITY INN DUNCAN, OK",https://www.choicehotels.com/oklahoma/duncan/quality-inn-hotels/ok211
,,SUPER 8,WYNDHAM,DUNCAN,OK,SYNXIS,"SUPER 8 BY WYNDHAM DUNCAN, OK",https://www.wyndhamhotels.com/super-8/duncan-oklahoma/super-8-duncan-ok/overview
,,LA QUINTA,WYNDHAM,DURANT,OK,SYNXIS,"LAQUINTA INN & SUITES DURANT, OK",https://www.wyndhamhotels.com/laquinta/durant-oklahoma/la-quinta-durant/overview?iata=00093763&cid=PS:7tztclxqc3byjhe&gclid=CjwKCAiA3L6PBhBvEiwAINlJ9JxIWVJQJW7NUfB7AVHS704QAxFsB1EGLiDsSGnnfDwHF592h-L7MxoCOFcQAvD_BwE&gclsrc=aw.ds
OKCED,,FAIRFIELD,MARRIOTT,EDMOND,OK,AGILYSYS,"FAIRFIELD INN & SUITES EDMOND, OK",https://www.marriott.com/en-us/hotels/okced-fairfield-inn-and-suites-edmond/overview/
OKCEDHX,,HAMPTON,HILTON,EDMOND,OK,PEP,"HAMPTON INN EDMOND, OK",https://www.hilton.com/en/hotels/okcedhx-hampton-oklahoma-city-edmond/
,,LA QUINTA,WYNDHAM,EDMOND,OK,SYNXIS,"LAQUINTA INN & SUITES BY WYNDHAM EDMOND, OK",https://www.wyndhamhotels.com/laquinta/edmond-oklahoma/la-quinta-edmond/overview
4267,,MOTEL 6,G6,EL RENO,OK,,MOTEL 6 - EL RENO OK,https://www.motel6.com/en/home/motels.ok.el-reno.4267.html
ELKCYHX,,HAMPTON,HILTON,ELK CITY,OK,PEP,"HAMPTON INN & SUITES ELK CITY, OK",https://www.hilton.com/en/hotels/elkcyhx-hampton-suites-elk-city/
ELKEO,,HOLIDAY INN EXPRESS,IHG,ELK CITY,OK,HOTELKEY,"HOLIDAY INN EXPRESS & SUITES ELK CITY, OK",https://www.ihg.com/holidayinnexpress/hotels/us/en/elk-city/elkeo/hoteldetail
MMIOKHX,,HAMPTON,HILTON,MIAMI,OK,PEP,"HAMPTON INN MIAMI, OK",https://www.hilton.com/en/hotels/mmiokhx-hampton-miami/
37111,,BEST WESTERN PLUS,BEST WESTERN,MIDWEST CITY,OK,,Best Western Plus Midwest City Inn & Suites,https://www.bestwestern.com/en_US/book/hotels-in-midwest-city/best-western-plus-midwest-city-inn-suites/propertyCode.37111.html
OKCMW,,HOLIDAY INN EXPRESS,IHG,MIDWEST CITY,OK,HOTELKEY,"HOLIDAY INN EXPRESS & SUITES MIDWEST CITY, OK",https://www.ihg.com/holidayinnexpress/hotels/us/en/midwest-city/okcmw/hoteldetail
,,LA QUINTA,WYNDHAM,MIDWEST CITY,OK,SYNXIS,"NLAQUINTA INN & SUITES BY WYNDHAM MIDWEST CITY - TINKER AFB, OKAME",https://www.wyndhamhotels.com/laquinta/midwest-city-oklahoma/la-quinta-midwest-city-tinker-afb/overview?iata=00093763&cid=PS:8elic7o80qrfh4d&gclid=CjwKCAiA3L6PBhBvEiwAINlJ9Kzuk21ZBB1F7PtisAEokOgDI0NLl9P9CCAliJu8AOWrCBhCnRpgxBoCW2cQAvD_BwE&gclsrc=aw.ds
OKCNM,CANDLEWOOD-MOORE,CANDLEWOOD,IHG,MOORE,OK,HOTELKEY,"CANDLEWOOD SUITES MOORE, OK",https://www.ihg.com/candlewood/hotels/us/en/moore/okcnm/hoteldetail
OKCMOHX,,HAMPTON,HILTON,MOORE,OK,PEP,"HAMPTON INN & SUITES MOORE, OK",https://www.hilton.com/en/hotels/okcmohx-hampton-suites-moore/
OKCEM,,HOLIDAY INN EXPRESS,IHG,MOORE,OK,HOTELKEY,"HOLIDAY INN EXPRESS & SUITES MOORE, OK",https://www.ihg.com/holidayinnexpress/hotels/us/en/moore/okcem/hoteldetail
,,LA QUINTA,WYNDHAM,MOORE,OK,SYNXIS,"LAQUINTA INN & SUITES BY WYNDHAM MOORE, OK",https://www.wyndhamhotels.com/laquinta/moore-oklahoma/la-quinta-oklahoma-city-moore/overview?iata=00093763&cid=PS:4fsyypn8r139sg2&gclid=CjwKCAiA3L6PBhBvEiwAINlJ9PPUOY0_jNs7or2JPLghl44yAy4jHBzLG9SkaPXO7ZR3yFcNlZcsPBoCX-IQAvD_BwE&gclsrc=aw.ds
OK016,,QUALITY,CHOICE,MOORE,OK,CHOICEADV,"QUALITY INN MOORE, OK",https://www.choicehotels.com/oklahoma/moore/quality-inn-hotels/ok016
OKCMO,,SPRINGHILL SUITES,MARRIOTT,MOORE,OK,AGILYSYS,"SPRINGHILL SUITES MOORE, OK",https://www.marriott.com/en-us/hotels/okcmo-springhill-suites-oklahoma-city-moore/overview/
8691,,MOTEL 6,G6,MUSKOGEE,OK,,MOTEL 6 - MUSKOGEE OK,https://www.motel6.com/en/home/motels.8691.html
OK154,,COMFORT INN,CHOICE,NORMAN,OK,CHOICEADV,"COMFORT INN & SUITES NORMAN, OK",https://choicehotels.com/oklahoma/norman/comfort-inn-hotels/ok154
,,COUNTRY INN & SUITES,RADISSON,NORMAN,OK,,"COUNTRY INN NORMAN, OK",https://www.radissonhotelsamericas.com/en-us/hotels/country-inn-norman-ok
,,DAYS INN,WYNDHAM,NORMAN,OK,SYNXIS,"DAYS INN BY WYNDHAM NORMAN, OK",https://www.wyndhamhotels.com/days-inn/norman-oklahoma/days-inn-norman-ok/overview?iata=00093763&cid=PS:i4cxh5lynmxc3id&gclid=CjwKCAiA0KmPBhBqEiwAJqKK42yzLXZyO_jEIA3sClkPmDHu4csL2EO-KmG1cKiCendWjmsZ-s3fXBoCd4EQAvD_BwE&gclsrc=aw.ds
OKCAV,,AVID,IHG,OKLAHOMA CITY,OK,HOTELKEY,"AVID QUAIL SPRINGS MALL OKLAHOMA CITY, OK",https://www.ihg.com/avidhotels/hotels/us/en/oklahoma-city/okcav/hoteldetail
,,BAYMONT,WYNDHAM,OKLAHOMA CITY,OK,SYNXIS,Baymont Inn & Suites by Wyndham Oklahoma City North,https://www.wyndhamhotels.com/baymont/oklahoma-city-oklahoma/baymont-inn-and-suites-oklahoma-city-north/overview
37112,,BEST WESTERN PLUS,BEST WESTERN,OKLAHOMA CITY,OK,,Best Western Plus Barsana Hotel & Suites,https://www.bestwestern.com/en_US/book/hotels-in-oklahoma-city/best-western-plus-barsana-hotel-suites/propertyCode.37112.html
OK147,,COMFORT INN,CHOICE,OKLAHOMA CITY,OK,CHOICEADV,"COMFORT INN & SUITES QUAIL SPRINGS OKLAHOMA CITY, OK",https://www.choicehotels.com/oklahoma/oklahoma-city/comfort-inn-hotels/ok147
OKCNQ,,COURTYARD,MARRIOTT,OKLAHOMA CITY,OK,AGILYSYS,Courtyard Oklahoma City North/Quail Springs,https://www.marriott.com/en-us/hotels/okcnq-courtyard-oklahoma-city-north-quail-springs/overview/
,,DAYS INN,WYNDHAM,OKLAHOMA CITY,OK,SYNXIS,"DAYS INN BY WYNDHAM OKLAHOMA CITY NW, OK",https://www.wyndhamhotels.com/days-inn/oklahoma-oklahoma/days-inn-oklahoma-city-nw-expressway/overview?iata=00093763&cid=PS:w33baaa2kpxwaya&gclid=CjwKCAiA0KmPBhBqEiwAJqKK45Xj8vHGFlsoG9ub59jsbKeMJG4hD6uxoeGVu40AEb8c6MyHrPn7QBoCsFMQAvD_BwE&gclsrc=aw.ds
,,DAYS INN,WYNDHAM,OKLAHOMA CITY,OK,SYNXIS,"DAYS INN BY WYNDHAM OKLAHOMA CITY WEST, OK",https://www.wyndhamhotels.com/days-inn/oklahoma-city-oklahoma/days-inn-oklahoma-city-west/overview?iata=00093763&cid=PS:o0o7ek4t99755j3&gclid=CjwKCAiA0KmPBhBqEiwAJqKK46y5C5SnkkTY63xaZuxXWfKgmpH87cq_RoGU7d7-fRR4hL1Tp9KkbBoCbAgQAvD_BwE&gclsrc=aw.ds
OKCONES,OKCON,EMBASSY SUITES,HILTON,OKLAHOMA CITY,OK,PEP,EMBASSY SUITES OKC NW EXPRESSWAY,https://www.hilton.com/en/hotels/okcones-embassy-suites-oklahoma-city-northwest/
OKCSS,,HOLIDAY INN EXPRESS,IHG,OKLAHOMA CITY,OK,HOTELKEY,Holiday Inn Express & Suites Oklahoma City Mid - Arpt Area,https://www.ihg.com/holidayinnexpress/hotels/us/en/oklahoma-city/okcss/hoteldetail
OKCEXHT,,HOME2,HILTON,OKLAHOMA CITY,OK,PEP,Home2 Suites by Hilton Oklahoma City NW Expressway,https://www.hilton.com/en/hotels/okcexht-home2-suites-oklahoma-city-nw-expressway/
,,LA QUINTA,WYNDHAM,OKLAHOMA CITY,OK,SYNXIS,La Quinta Inn & Suites by Wyndham Oklahoma City - NW Expwy,https://www.wyndhamhotels.com/laquinta/oklahoma-city-oklahoma/la-quinta-oklahoma-city-nw-expwy/overview?iata=99922675
,,OAKTREE,INDEPENDENT,OKLAHOMA CITY,OK,,Oaktree Inn & Suites - OKLAHOMA CITY OK,
,,OYO,INDEPENDENT,OKLAHOMA CITY,OK,,OYO Townhouse Oklahoma City - Penn Square,
OKCXW,,RESIDENCE INN,MARRIOTT,OKLAHOMA CITY,OK,AGILYSYS,"RESIDENCE INN MEMORIAL OKLAHOMA CITY, OK",https://www.marriott.com/en-us/hotels/okcxw-residence-inn-oklahoma-city-north-quail-springs/overview/
OKCRW,,RESIDENCE INN,MARRIOTT,OKLAHOMA CITY,OK,AGILYSYS,"RESIDENCE INN NORTHWEST EXPRESSWAY OKLAHOMA CITY, OK",https://www.marriott.com/en-us/hotels/okcrw-residence-inn-oklahoma-city-northwest/overview/
OKCRURU,,TRU,HILTON,OKLAHOMA CITY,OK,PEP,TRU BY HILTON OKC NW EXPRESSWAY,https://www.hilton.com/en/hotels/okcruru-tru-oklahoma-city-nw-expressway/
OK259,,COMFORT SUITES,CHOICE,OKLAHOMA CITY AIRPORT,OK,CHOICEADV,"COMFORT SUITES OKC AIRPORT OKLAHOMA CITY, OK",https://www.choicehotels.com/oklahoma/oklahoma-city/comfort-suites-hotels/ok259
,,COUNTRY INN & SUITES,RADISSON,OKLAHOMA CITY AIRPORT,OK,,"COUNTRY INN OKC AIRPORT, OK",https://www.radissonhotelsamericas.com/en-us/hotels/country-inn-oklahoma-city-airport-ok
OKCAP,,FAIRFIELD,MARRIOTT,OKLAHOMA CITY AIRPORT,OK,AGILYSYS,FAIRFIELD INN & SUITES OKC AIRPORT,https://www.marriott.com/en-us/hotels/okcap-fairfield-inn-and-suites-oklahoma-city-airport/overview/
OKCAHGI,OKCAH,HILTON GARDEN INN,HILTON,OKLAHOMA CITY AIRPORT,OK,PEP,HILTON GARDEN INN OKC AIRPORT,https://www.hilton.com/en/hotels/okcahgi-hilton-garden-inn-oklahoma-city-airport/
OKCMD,OKCMD,HOLIDAY INN EXPRESS,IHG,OKLAHOMA CITY AIRPORT,OK,HOTELKEY,HOLIDAY INN EXPRESS & SUITES OKC AIRPORT,https://www.ihg.com/holidayinnexpress/hotels/us/en/oklahoma-city/okcmd/hoteldetail
,,LA QUINTA,WYNDHAM,OKLAHOMA CITY AIRPORT,OK,SYNXIS,"LAQUINTA INN & SUITES BY WYNDHAM OKLAHOMA CITY AIRPORT, OK",https://www.wyndhamhotels.com/laquinta/oklahoma-city-oklahoma/la-quinta-oklahoma-city-airport/overview?iata=00093763&cid=PS:pq9v64k6f5nrh6h&gclid=CjwKCAiA3L6PBhBvEiwAINlJ9NE266gqim8uEF6lVhmtkiADFciGUcGFl1grHiY9FKIHFCgsvKWZeBoCaJ0QAvD_BwE&gclsrc=aw.ds
,,RESIDENCE INN,MARRIOTT,OKLAHOMA CITY AIRPORT,OK,AGILYSYS,RESIDENCE INN OKC AIRPORT,https://www.marriott.com/hotels/travel/okcrw-residence-inn-oklahoma-city-northwest/?gclid=Cj0KCQiA0eOPBhCGARIsAFIwTs4h3jykT-PFtVCoYvZutQzdgP4dRtrsZ5LtLOHD7F1OFg7mqFp4L44aAmabEALw_wcB&gclsrc=aw.ds
OKCAW,OKCAW,SPRINGHILL SUITES,MARRIOTT,OKLAHOMA CITY AIRPORT,OK,AGILYSYS,"SPRINGHILL SUITES MACARTHUR OKLAHOMA CITY, OK",https://www.marriott.com/en-us/hotels/okcaw-springhill-suites-oklahoma-city-airport/overview/
OKCTS,,TOWNEPLACE,MARRIOTT,OKLAHOMA CITY AIRPORT,OK,AGILYSYS,TOWNEPLACE SUITES OKC AIRPORT,https://www.marriott.com/en-us/hotels/okcts-towneplace-suites-oklahoma-city-airport/overview/
OKCJWRU,,TRU,HILTON,OKLAHOMA CITY AIRPORT,OK,PEP,TRU BY HILTON OKC AIRPORT,https://www.hilton.com/en/hotels/okcjwru-tru-oklahoma-city-airport/
OKCAM,,AVID,IHG,OKLAHOMA CITY Airport,OK,HOTELKEY,AVID OKC AIRPORT,https://www.ihg.com/avidhotels/hotels/us/en/oklahoma-city/okcam/hoteldetail
OWACW,,CANDLEWOOD,IHG,OWASSO,OK,HOTELKEY,"CANDLEWOOD SUITES OWASSO, OK",https://www.ihg.com/candlewood/hotels/us/en/owasso/owacw/hoteldetail
,,LA QUINTA,WYNDHAM,OWASSO,OK,SYNXIS,"LAQUINTA INN & SUITES BY WYNDHAM OWASSO, OK",https://www.wyndhamhotels.com/laquinta/owasso-oklahoma/la-quinta-owasso/overview?iata=00093763&cid=PS:pce66p525fa12qt&gclid=CjwKCAiA3L6PBhBvEiwAINlJ9P63R7TT5t39wrueO1BXsUdIPSoUPZWDdKparEoqTIcapy56wkzvTxoCTTIQAvD_BwE&gclsrc=aw.ds
OK131,,COMFORT INN,CHOICE,PAULS VALLEY,OK,CHOICEADV,"COMFORT INN & SUITES PAULS VALLEY, OK",https://www.choicehotels.com/oklahoma/pauls-valley/comfort-inn-hotels/ok131
,,DAYS INN,WYNDHAM,PAULS VALLEY,OK,SYNXIS,"DAYS INN BY WYNDHAM PAULS VALLEY, OK",https://www.wyndhamhotels.com/days-inn/pauls-valley-oklahoma/days-inn-pauls-valley/overview?iata=00093763&cid=PS:6htrdcg13pfzxsu&gclid=CjwKCAiA0KmPBhBqEiwAJqKK46qP6QFNFawr_DHKGtQekj6renn6hVHC7Lj_jrluDAxReZTSAmVTOxoC6GAQAvD_BwE&gclsrc=aw.ds
OKCPVHX,,HAMPTON,HILTON,PAULS VALLEY,OK,PEP,"HAMPTON INN & SUITES PAULS VALLEY, OK",https://www.hilton.com/en/hotels/okcpvhx-hampton-suites-pauls-valley/
OK137,,COMFORT INN,CHOICE,PONCA CITY,OK,CHOICEADV,"COMFORT INN & SUITES PONCA CITY, OK",https://www.choicehotels.com/oklahoma/ponca-city/comfort-inn-hotels/ok137
TULPRHX,,HAMPTON,HILTON,PRYOR,OK,PEP,"HAMPTON INN & SUITES PRYOR, OK",https://www.hilton.com/en/hotels/tulprhx-hampton-suites-pryor/
PROPR,,HOLIDAY INN EXPRESS,IHG,PRYOR,OK,HOTELKEY,"HOLIDAY INN EXPRESS & SUITES PRYOR, OK",https://www.ihg.com/holidayinnexpress/hotels/us/en/pryor/propr/hoteldetail
,,ECONOMY INN,INDEPENDENT,SALLISAW,OK,,Economy Inn - SALLISAW OK,
OK339,,QUALITY,CHOICE,SALLISAW,OK,CHOICEADV,"QUALITY INN SALLISAW, OK",https://www.choicehotels.com/oklahoma/sallisaw/quality-inn-hotels/ok339
,,SUPER 8,WYNDHAM,SALLISAW,OK,SYNXIS,"SUPER 8 BY WYNDHAM SALLISAW, OK",https://www.wyndhamhotels.com/super-8/sallisaw-oklahoma/super-8-sallisaw/overview?iata=00093763&cid=PS:5tvh92lzmeisom0&gclid=Cj0KCQiA9OiPBhCOARIsAI0y71A46p7Y623t5hXYtx_KpNToGI6_bERAEWPGXqLjfFn0Y5W4W_2QK3IaAvHDEALw_wcB&gclsrc=aw.ds
OK158,,COMFORT INN,CHOICE,SHAWNEE,OK,CHOICEADV,"COMFORT INN & SUITES SHAWNEE, OK",https://www.choicehotels.com/oklahoma/shawnee/comfort-inn-hotels/ok158
,,DAYS INN,WYNDHAM,SHAWNEE,OK,SYNXIS,"DAYS INN BY WYNDHAM SHAWNEE, OK",https://www.wyndhamhotels.com/days-inn/shawnee-oklahoma/days-inn-shawnee/overview?iata=00093763&cid=PS:lav9fpnca5bnt89&gclid=CjwKCAiA0KmPBhBqEiwAJqKK4wNYu4QSOGqtHiaiLxQTzjBE3pGx6PazjMD8cQyUALtgwu9jF4xWCxoCKGMQAvD_BwE&gclsrc=aw.ds
,,FLEETWOOD,INDEPENDENT,SHAWNEE,OK,,Fleetwood - SHAWNEE OK,
,,LA QUINTA,WYNDHAM,SHAWNEE,OK,SYNXIS,"LAQUINTA INN & SUITES BY WYNDHAM SHAWNEE, OK",https://www.wyndhamhotels.com/laquinta/shawnee-oklahoma/la-quinta-shawnee/overview?iata=00093763&cid=PS:d2s1kpq25z3vr8r&gclid=CjwKCAiA3L6PBhBvEiwAINlJ9INVgtZz7-bYhOebdshrFarKg0s947J1ZRLQ6n5KchsNmh541FNedxoCpSgQAvD_BwE&gclsrc=aw.ds
SWOHXHX,,HAMPTON,HILTON,STILLWATER,OK,PEP,Hampton Inn & Suites Stillwater West,https://www.hilton.com/en/hotels/swohxhx-hampton-suites-stillwater-west/
,,WYNDHAM GARDEN,WYNDHAM,STILLWATER,OK,SYNXIS,"WYNDHAM GARDEN STILLWATER, OK",https://www.wyndhamhotels.com/wyndham-garden/stillwater-oklahoma/wyndham-garden-stillwater/overview?iata=00093763&cid=PS:2hbi7pm08by07zh&gclid=Cj0KCQiA9OiPBhCOARIsAI0y71CABJzBkUHZmifuir806DPXbhDYQQ5kyoLfMBc0e8Q5KiN5LU5iZ5gaAngrEALw_wcB&gclsrc=aw.ds
TULAV,,AVID,IHG,TULSA,OK,HOTELKEY,"AVID (MEDICAL DISTRICT) SOUTH TULSA, OK",https://www.ihg.com/avidhotels/hotels/us/en/tulsa/tulav/hoteldetail
37102,,BEST WESTERN PLUS,BEST WESTERN,TULSA,OK,,Best Western Plus Tulsa Inn & Suites,https://www.bestwestern.com/en_US/book/hotels-in-tulsa/best-western-plus-tulsa-inn-suites/propertyCode.37102.html
OK254,,COMFORT INN,CHOICE,TULSA,OK,CHOICEADV,"COMFORT INN & SUITES (RT 66) TULSA, OK",https://www.choicehotels.com/oklahoma/tulsa/comfort-inn-hotels/ok254
OK238,,COMFORT INN,CHOICE,TULSA,OK,CHOICEADV,"COMFORT INN (MIDTOWN) TULSA, OK",https://www.choicehotels.com/oklahoma/tulsa/comfort-inn-hotels/ok238
TULHSHX,,HAMPTON,HILTON,TULSA,OK,PEP,"HAMPTON INN & SUITES WOODLAND HILLS MALL TULSA, OK",https://www.hilton.com/en/hotels/tulhshx-hampton-suites-tulsa-woodland-hills-71st-memorial/
TULMDGI,,HILTON GARDEN INN,HILTON,TULSA,OK,PEP,"HILTON GARDEN INN MIDTOWN TULSA, OK",https://www.hilton.com/en/hotels/tulmdgi-hilton-garden-inn-tulsa-midtown/
TULXS,,HOLIDAY INN EXPRESS,IHG,TULSA,OK,HOTELKEY,"HOLIDAY INN EXPRESS & SUITES MIDTOWN TULSA, OK",https://www.ihg.com/holidayinnexpress/hotels/us/en/tulsa/tulxs/hoteldetail
,,LA QUINTA,WYNDHAM,TULSA,OK,SYNXIS,La Quinta Inn & Suites by Wyndham Tulsa Downtown/Route 66,https://www.wyndhamhotels.com/laquinta/tulsa-oklahoma/la-quinta-inn-and-suites-by-wyndham-tulsa-downtown-route-66/overview?CID=LC:LQ::GGL:RIO:National:56337&iata=00093796
TULBR,,RENAISSANCE,MARRIOTT,TULSA,OK,AGILYSYS,Renaissance Tulsa Hotel & Convention Center,https://www.marriott.com/en-us/hotels/tulbr-renaissance-tulsa-hotel-and-convention-center/overview/
TULTC,,RESIDENCE INN,MARRIOTT,TULSA,OK,AGILYSYS,"RESIDENCE INN MIDTOWN TULSA, OK",https://www.marriott.com/hotels/travel/tultc-residence-inn-tulsa-midtown/?gclid=Cj0KCQiA0eOPBhCGARIsAFIwTs7ZP92kcEsrIP_OlhnEP7V2L1d6J-Z8_1i4e21oq3hLFOz3IgFPRXkaAukeEALw_wcB&gclsrc=aw.ds
,,SUPER 8,WYNDHAM,TULSA,OK,SYNXIS,"SUPER 8 BY WYNDHAM TULSA, OK",https://www.wyndhamhotels.com/super-8/tulsa-oklahoma/super-8-tulsa/overview?iata=00093763&cid=PS:3g4u2y3yytv8gef&gclid=Cj0KCQiA9OiPBhCOARIsAI0y71C8C_mP2gLcwbW7PmmoWqzi7u1G5jpRgrT-Zs3y3-s9Q8GwUWuJD7YaAvW5EALw_wcB&gclsrc=aw.ds
OKCEX,,FAIRFIELD,MARRIOTT,WARR ACRES,OK,AGILYSYS,"FAIRFIELD INN & SUITES WARR ACRES, OK",https://www.marriott.com/en-us/hotels/okcex-fairfield-inn-and-suites-oklahoma-city-nw-expressway-warr-acres/overview/
OK129,,COMFORT INN,CHOICE,WEATHERFORD,OK,CHOICEADV,"COMFORT INN & SUITES WEATHERFORD, OK",https://www.choicehotels.com/oklahoma/weatherford/comfort-inn-hotels/ok129
OJAFI,,FAIRFIELD,MARRIOTT,WEATHERFORD,OK,AGILYSYS,"FAIRFIELD INN & SUITES WEATHERFORD, OK",https://www.marriott.com/hotels/travel/ojafi-fairfield-inn-and-suites-weatherford/
OKCYK,,FAIRFIELD,MARRIOTT,YUKON,OK,AGILYSYS,"FAIRFIELD INN & SUITES YUKON, OK",https://www.marriott.com/en-us/hotels/okcyk-fairfield-inn-and-suites-oklahoma-city-yukon/overview/
OKCYKHX,,HAMPTON,HILTON,YUKON,OK,PEP,"HAMPTON INN YUKON, OK",https://www.hilton.com/en/hotels/okcykhx-hampton-oklahoma-city-yukon/
AUSNL,,COURTYARD,MARRIOTT,AUSTIN,TX,AGILYSYS,"COURTYARD AUSTIN, TX NORTHWEST/LAKELINE",https://www.marriott.com/hotels/travel/ausnl-courtyard-austin-northwest-lakeline/
TXE32,,COMFORT SUITES,CHOICE,BASTROP,TX,CHOICEADV,"COMFORT SUITES BASTROP, TX",https://www.choicehotels.com/texas/bastrop/comfort-suites-hotels/txe32
44689,,BEST WESTERN PLUS,BEST WESTERN,GEORGETOWN,TX,,Best Western Plus Georgetown Inn & Suites,https://www.bestwestern.com/en_US/book/hotels-in-georgetown/best-western-plus-georgetown-inn-suites/propertyCode.44689.html
TX819,,COMFORT SUITES,CHOICE,GEORGETOWN,TX,CHOICEADV,"COMFORT SUITES GEORGETOWN, TX",https://www.choicehotels.com/texas/georgetown/comfort-suites-hotels/tx819
TXI15,,QUALITY,CHOICE,HARLINGEN,TX,CHOICEADV,NAME,https://www.choicehotels.com/texas/harlingen/quality-inn-hotels/txi15
DALDM,,TOWNEPLACE,MARRIOTT,MCKINNEY,TX,AGILYSYS,"TOWNEPLACE SUITES MCKINNEY, TX",https://www.marriott.com/hotels/travel/daldm-towneplace-suites-dallas-mckinney/?gclid=Cj0KCQiA9OiPBhCOARIsAI0y71BUxWXu2UbSb1NKbpqQKJyM_993nmwmbpQJwWfbBSsAuJiO6I2JhxMaAs4YEALw_wcB&gclsrc=aw.ds
,,DAYS INN,WYNDHAM,SALADO,TX,SYNXIS,"DAYS INN BY WYNDHAM SALADO, TX",https://www.wyndhamhotels.com/days-inn/salado-texas/days-inn-salado/overview?iata=00093763&cid=PS:tsby1kjzdgwaqhx&gclid=CjwKCAiA0KmPBhBqEiwAJqKK43AFQzyIb-fFlQ94nd1v1xIxO2EElUiz8n9rJRXtYzkPFwmITDW7kxoCP8AQAvD_BwE&gclsrc=aw.ds
LLOTX,,HOLIDAY INN EXPRESS,IHG,SALADO,TX,HOTELKEY,"HOLIDAY INN EXPRESS SALADO, TX",https://www.ihg.com/holidayinnexpress/hotels/us/en/salado/llotx/hoteldetail
TXA49,,COMFORT INN,CHOICE,SAN ANTONIO,TX,CHOICEADV,"COMFORT INN & SUITES (NEAR MEDICAL CENTER) SAN ANTONIO, TX",https://www.choicehotels.com/texas/san-antonio/comfort-inn-hotels/txa49
SATFN,,FAIRFIELD,MARRIOTT,SAN ANTONIO,TX,AGILYSYS,"FAIRFIELD INN & SUITES NORTH STONE OAK SAN ANTONIO, TX",https://www.marriott.com/hotels/travel/satfn-fairfield-inn-and-suites-san-antonio-north-stone-oak/
SATSE,,FAIRFIELD,MARRIOTT,SAN ANTONIO,TX,AGILYSYS,"FAIRFIELD INN BROOKS BASE SAN ANTONIO, TX",https://www.marriott.com/hotels/travel/satse-fairfield-inn-and-suites-san-antonio-brooks-city-base/
SATRG,,HOLIDAY INN EXPRESS,IHG,SAN ANTONIO,TX,HOTELKEY,"HOLIDAY INN EXPRESS & SUITES (BY AT&T CENTER) SAN ANTONIO, TX",https://www.ihg.com/holidayinnexpress/hotels/us/en/san-antonio/satrg/hoteldetail
,,LA QUINTA,WYNDHAM,SAN ANTONIO,TX,SYNXIS,La Quinta Inn & Suites by Wyndham San Antonio Seaworld/LAFB,https://www.wyndhamhotels.com/laquinta/san-antonio-texas/la-quinta-inn-and-suites-san-antonio-seaworld-lafb/overview?iata=99922675
,,SUPER 8,WYNDHAM,SAN ANTONIO,TX,SYNXIS,"SUPER 8 SAN ANTONIO / ALAMODOME AREA, TX",https://www.wyndhamhotels.com/super-8/san-antonio-texas/super-8-san-antonio-alamodome-area/overview?iata=00580881
TXE27,,COMFORT INN,CHOICE,SAN MARCOS,TX,CHOICEADV,"COMFORT INN & SUITES SAN MARCOS, TX",https://www.choicehotels.com/texas/san-marcos/comfort-inn-hotels/txe27
TXE81,TXI47,COMFORT INN,CHOICE,WICHITA FALLS,TX,CHOICEADV,"COMFORT INN WICHITA FALLS, TX",https://www.choicehotels.com/texas/wichita-falls/comfort-inn-hotels/txe81
SPSKB,,HOLIDAY INN EXPRESS,IHG,WICHITA FALLS,TX,HOTELKEY,"HOLIDAY INN EXPRESS WICHITA, TX",https://www.ihg.com/holidayinnexpress/hotels/us/en/wichita-falls/spskb/hoteldetail
